{
  "radar": {
    "p2": 0.0168639971008208,
    "p50": 0.0168639971008208,
    "p98": 0.962724590160331,
    "min": 0.0168639971008208,
    "max": 6.683483772429592,
    "n_samples": 1010000,
    "log1p": true
  },
  "pwv_dense": {
    "p2": 9.074697074890137,
    "p50": 33.9718017578125,
    "p98": 67.49516571044923,
    "min": 3.100296974182129,
    "max": 79.44679260253906,
    "n_samples": 1010000,
    "log1p": false
  },
  "tem_station_dense": {
    "p2": 12.288909187316895,
    "p50": 24.204358100891113,
    "p98": 34.334038162231444,
    "min": 3.03888201713562,
    "max": 38.73458480834961,
    "n_samples": 1010000,
    "log1p": false
  },
  "rhu_station_dense": {
    "p2": 19.128958053588867,
    "p50": 69.82801818847656,
    "p98": 97.71734649658202,
    "min": 9.019193649291992,
    "max": 99.99994659423828,
    "n_samples": 1010000,
    "log1p": false
  },
  "prs_station_dense": {
    "p2": 853.01416015625,
    "p50": 980.6038208007812,
    "p98": 1011.2102722167969,
    "min": 775.7952270507812,
    "max": 1015.4075927734375,
    "n_samples": 1010000,
    "log1p": false
  },
  "era5_t_925": {
    "p2": 287.2669677734375,
    "p50": 296.2518005371094,
    "p98": 303.4332312011719,
    "min": 280.67645263671875,
    "max": 308.4836730957031,
    "n_samples": 1010000,
    "log1p": false
  },
  "era5_q_925": {
    "p2": 0.002760040629655123,
    "p50": 0.011331554967910051,
    "p98": 0.018777619376778604,
    "min": 0.0008384536486119032,
    "max": 0.022121701389551163,
    "n_samples": 1010000,
    "log1p": false
  }
}